タイトル,URL
「オンライン起源祭、2021秋ノ陣」で使用したオボロ/ホノカについて,https://kilica.hatenablog.com/entry/2021/10/11/120817
【ふるよに】オンライン起源戦2021秋ノ陣に参加しました！,https://note.com/akasakisakura/n/nf9572ab4e220
[ふるよに]2021秋オンライン起源祭最速レポート！,https://blog.rhymof.net/202110/2021-oct-tournament/
サリヤの造花についての覚書,https://kilica.hatenablog.com/entry/2021/03/23/145938
サリヤの造花についての補足資料,https://kilica.hatenablog.com/entry/2021/03/24/114231
ガルーダレンジロック薙騎について,https://kilica.hatenablog.com/entry/2021/03/07/002635
巫鏡杯埼玉予選レポート 4-0 予選突破 使用:炎戦玉,https://eriran.hatenablog.com/entry/2021/05/11/193112
【ふるよにメガミ考察】ウツロのあれこれ Part.1【桜降る代に決闘を】,https://furuyoni-blog.hatenablog.jp/entry/2021/03/18/200400
【ふるよにメガミ考察】ウツロのあれこれ　Part.2【桜降る代に決闘を】,https://furuyoni-blog.hatenablog.jp/entry/2021/04/02/140525
【桜降る代に決闘を】6-2いろいろ,https://furuyoni-blog.hatenablog.jp/?page=1616065440
兜の考察記事（カードプール編）,https://izu24furuyoni.hatenablog.com/entry/2021/07/11/201323
大手楯無門を使ってみたい！（戦兜）,https://izu24furuyoni.hatenablog.com/entry/2021/09/16/170946
デッキ紹介・番外編〜琵琶兜（膝丸クインテット）,https://izu24furuyoni.hatenablog.com/entry/2021/08/12/175121
デッキ紹介①勾兜（ホノカA/ミズキ）,https://izu24furuyoni.hatenablog.com/entry/2021/01/21/001838
デッキ紹介②薙兜（サイネ/ミズキ）,https://izu24furuyoni.hatenablog.com/entry/2021/04/24/140538
デッキ紹介③嵐兜（ライラA/ミズキ）,https://izu24furuyoni.hatenablog.com/entry/2021/07/10/181043
2021/5/9 『巫鏡杯』（3-1 勾兜面）,https://izu24furuyoni.hatenablog.com/entry/2021/05/12/001151
昨日勝てる！ゼロから始める連携戦銃爪,http://pentarte.blog.jp/archives/27582497.html
【ふるよに】妨害を許さずに優勝したい！,http://pentarte.blog.jp/archives/27394322.html
【ふるよに】8/14 千葉YS大会レポート【遅くてすみません】,http://pentarte.blog.jp/archives/27365801.html
リーサルは突然に～偽装終幕のお話,https://zico-furuyoni.hatenablog.com/entry/2021/07/20/012016
【ふるよに】Zicoの一人回しをはじめからていねいに,https://zico-furuyoni.hatenablog.com/entry/2021/05/15/200939
S6-2の月影落の生きる道！？古勾(ユリナA/ホノカA),https://zico-furuyoni.hatenablog.com/entry/2021/03/27/020903
ライラ様の嵐の力は？カナヱ様の終幕は？調べてみました！嵐仮(ライラA/カナヱ),https://zico-furuyoni.hatenablog.com/entry/2021/02/16/204342
【ふるよに】オンライン前期戦優勝しました！,https://note.com/akasakisakura/n/ncb37113b4264?magazine_key=md6d136ea0cf5
頭2宿しリシャとるねのミコトのデッキ紹介：クルル/ヤツハ ~ドカーン！ドカーン！そんでドカーン！…な、簡単だろ？~,https://maxc5297.hatenablog.com/entry/2021/08/30/220934
ふるよに始めてから意識してること,http://minamikanlegions.blog.jp/archives/26887615.html
『桜降る代に決闘を』の予選に参加しました,http://minamikanlegions.blog.jp/archives/25882282.html
[ふるよに]連携戦大会創意工夫鎚旗優勝レポート,https://blog.rhymof.net/202110/furuyoni-alignment/
ダウトふるよにルール,https://blog.rhymof.net/202109/furuyoni-doubt/
ふるよに良質な通常攻撃札ランキング！S6-2起源戦,https://blog.rhymof.net/202109/furuyoni-attack/
ふるよに魔法使い型銃面S6-2,8月禁止環境,https://blog.rhymof.net/202108/gun-mask-magician/
ふるよに最強攻撃の作り方！12/9！たぶん一番強いと思います！,https://blog.rhymof.net/202105/furuyoni-strongest/
ふるよに初心者が中級者の友達をぼこぼこにして勝つための銃鎌,https://blog.rhymof.net/202105/gun-scythe/
ふるよにで初心者から中級者になるための一人回し練習法,https://blog.rhymof.net/202105/furuyoni-solo/
電子版ふるよにで達人になるために,https://eriran.hatenablog.com/entry/2021/02/01/225815